Title,Year,URL,Popularity
It's The End Of The World ,2008,/its-the-end-of-the-world-lyrics-rem.html,10
Losing My Religion ,2003,/losing-my-religion-lyrics-rem.html,9
The One I Love ,2008,/the-one-i-love-lyrics-rem.html,9
Selingkar Kasih ,2010,/selingkar-kasih-lyrics-rem.html,7
Man On The Moon ,2003,/man-on-the-moon-lyrics-rem.html,7
The Sidewinder Sleeps Tonight ,2006,/the-sidewinder-sleeps-tonight-lyrics-rem.html,7
Nightswimming ,2003,/nightswimming-lyrics-rem.html,6
Everybody Hurts ,2003,/everybody-hurts-lyrics-rem.html,6
Fall On Me ,2011,/fall-on-me-lyrics-rem.html,6
Orange Crush ,2003,/orange-crush-lyrics-rem.html,5
It's The End Of The World As We Know It (and I Feel Fine) ,2014,/its-the-end-of-the-world-as-we-know-it-and-i-feel-fine-lyrics-rem.html,5
"What's The Frequency, Kenneth? ",2003,/whats-the-frequency-kenneth-lyrics-rem.html,5
Everbody Hurts ,2006,/everbody-hurts-lyrics-rem.html,5
Radio Free Europe ,2011,/radio-free-europe-lyrics-rem.html,5
Drive ,2006,/drive-lyrics-rem.html,4
Find The River ,2014,/find-the-river-lyrics-rem.html,4
Shiny Happy People ,2011,/shiny-happy-people-lyrics-rem.html,4
Future 40's (string Of Pearls) ,2006,/future-40s-string-of-pearls-lyrics-rem.html,4
Uberlin ,2011,/uberlin-lyrics-rem.html,4
Imitation Of Life ,2003,/imitation-of-life-lyrics-rem.html,3
It's The End of The World as We Know It ,2008,/its-the-end-of-the-world-as-we-know-it-lyrics-rem.html,3
Crush With Eyeliner ,2006,/crush-with-eyeliner-lyrics-rem.html,3
These Days ,2006,/these-days-lyrics-rem.html,3
E-bow The Letter ,2003,/ebow-the-letter-lyrics-rem.html,3
Ignoreland ,2006,/ignoreland-lyrics-rem.html,3
The Sidewinder Sleeps Tonite ,2003,/the-sidewinder-sleeps-tonite-lyrics-rem.html,3
Strange Currencies ,2006,/strange-currencies-lyrics-rem.html,3
Bad Day ,2003,/bad-day-lyrics-rem.html,3
Daysleeper ,2003,/daysleeper-lyrics-rem.html,3
Leaving New York ,2004,/leaving-new-york-lyrics-rem.html,3
Country Feedback ,2011,/country-feedback-lyrics-rem.html,3
Stand ,2003,/stand-lyrics-rem.html,3
Shaking Through ,2006,/shaking-through-lyrics-rem.html,3
Electrolite ,2003,/electrolite-lyrics-rem.html,2
Let Me In ,2006,/let-me-in-lyrics-rem.html,2
Crazy ,2006,/crazy-lyrics-rem.html,2
Bang And Blame ,2006,/bang-and-blame-lyrics-rem.html,2
Love Is All Around ,2014,/love-is-all-around-lyrics-rem.html,2
Living Well Is The Best Revenge ,2008,/living-well-is-the-best-revenge-lyrics-rem.html,2
Superman ,2006,/superman-lyrics-rem.html,2
Bittersweet Me ,2006,/bittersweet-me-lyrics-rem.html,2
Driver 8 ,2011,/driver-8-lyrics-rem.html,2
Begin The Begin ,2011,/begin-the-begin-lyrics-rem.html,2
Hollow Man ,2008,/hollow-man-lyrics-rem.html,2
Pop Song 89 ,2011,/pop-song-89-lyrics-rem.html,2
Me In Honey ,2006,/me-in-honey-lyrics-rem.html,2
Gardening At Night ,2011,/gardening-at-night-lyrics-rem.html,2
Strange (wire) ,2008,/strange-wire-lyrics-rem.html,2
Beat A Drum ,2014,/beat-a-drum-lyrics-rem.html,2
Horse To Water ,2008,/horse-to-water-lyrics-rem.html,2
Fretless ,2014,/fretless-lyrics-rem.html,2
Try Not To Breathe ,2006,/try-not-to-breathe-lyrics-rem.html,2
Sweetness Follows ,2006,/sweetness-follows-lyrics-rem.html,2
I Believe ,2006,/i-believe-lyrics-rem.html,2
Talk About The Passion ,2011,/talk-about-the-passion-lyrics-rem.html,2
Turn You Inside-out ,2006,/turn-you-insideout-lyrics-rem.html,2
Mr. Richards ,2008,/mrrichards-lyrics-rem.html,1
Until The Day Is Done ,2008,/until-the-day-is-done-lyrics-rem.html,1
Radio Song ,2014,/radio-song-lyrics-rem.html,1
Finest Worksong ,2008,/finest-worksong-lyrics-rem.html,1
Hyena ,2006,/hyena-lyrics-rem.html,1
All The Right Friends ,2003,/all-the-right-friends-lyrics-rem.html,1
Walk Unafraid ,2006,/walk-unafraid-lyrics-rem.html,1
So. Central Rain ,2011,/so-central-rain-lyrics-rem.html,1
Pretty Persuasion ,2006,/pretty-persuasion-lyrics-rem.html,1
That Someone Is You ,2011,/that-someone-is-you-lyrics-rem.html,1
King of Birds ,2008,/king-of-birds-lyrics-rem.html,1
Catapult ,2006,/catapult-lyrics-rem.html,1
Camera ,2006,/camera-lyrics-rem.html,1
Disguised ,2016,/disguised-lyrics-rem.html,1
Animal ,2003,/animal-lyrics-rem.html,1
Disappear ,2014,/disappear-lyrics-rem.html,1
Green Grow The Rushes ,2006,/green-grow-the-rushes-lyrics-rem.html,1
Kohoutek ,2006,/kohoutek-lyrics-rem.html,1
Arms Of Love ,2006,/arms-of-love-lyrics-rem.html,1
#9 Dream ,2007,/9-dream-lyrics-rem.html,0
"1,000,000 ",2006,/1000000-lyrics-rem.html,0
11 ,2007,/11-lyrics-rem.html,0
11th Untitled Song ,2006,/11th-untitled-song-lyrics-rem.html,0
7 Chinese Brothers ,2007,/7-chinese-brothers-lyrics-rem.html,0
9-9 ,2006,/99-lyrics-rem.html,0
A Girl Like You ,2006,/a-girl-like-you-lyrics-rem.html,0
A Month Of Saturdays ,2011,/a-month-of-saturdays-lyrics-rem.html,0
Academy Fight Song ,2006,/academy-fight-song-lyrics-rem.html,0
Accelerate ,2008,/accelerate-lyrics-rem.html,0
Action ,2006,/action-lyrics-rem.html,0
Aftermath ,2004,/aftermath-lyrics-rem.html,0
Ages Of You ,2006,/ages-of-you-lyrics-rem.html,0
Airportman ,2006,/airportman-lyrics-rem.html,0
"All I Have To Do Is, Dream ",2006,/all-i-have-to-do-is-dream-lyrics-rem.html,0
All The Best ,2011,/all-the-best-lyrics-rem.html,0
All The Right Friends ,2003,/all-the-right-friends-lyrics-rem.html,1
All the Way to Reno ,2003,/all-the-way-to-reno-lyrics-rem.html,0
All The Way To Reno (You're Gonna Be A Star) ,2006,/all-the-way-to-reno-youre-gonna-be-a-star-lyrics-rem.html,0
Alligator Aviator Autopilot Antimatter ,2011,/alligator-aviator-autopilot-antimatter-lyrics-rem.html,0
Andy Gets Fired ,2008,/andy-gets-fired-lyrics-rem.html,0
Animal ,2003,/animal-lyrics-rem.html,1
Arms Of Love ,2006,/arms-of-love-lyrics-rem.html,1
Around The Sun ,2004,/around-the-sun-lyrics-rem.html,0
At My Most Beautiful ,2003,/at-my-most-beautiful-lyrics-rem.html,0
At My Most Beautifull ,2006,/at-my-most-beautifull-lyrics-rem.html,0
Auctioneer ,2006,/auctioneer-lyrics-rem.html,0
Auctioneer (another Engine) ,2006,/auctioneer-another-engine-lyrics-rem.html,0
ÃœBerlin ,2011,/aaberlin-lyrics-rem.html,0
Baby Baby ,2006,/baby-baby-lyrics-rem.html,0
"Baby, I ",2006,/baby-i-lyrics-rem.html,0
Bad Day ,2003,/bad-day-lyrics-rem.html,3
Bandwagon ,2006,/bandwagon-lyrics-rem.html,0
Bang And Blame ,2006,/bang-and-blame-lyrics-rem.html,2
Be Mine ,2006,/be-mine-lyrics-rem.html,0
Beach Ball ,2006,/beach-ball-lyrics-rem.html,0
Beat A Drum ,2014,/beat-a-drum-lyrics-rem.html,2
Begin The Begin ,2011,/begin-the-begin-lyrics-rem.html,2
Belong ,2014,/belong-lyrics-rem.html,0
Binky The Doormat ,2006,/binky-the-doormat-lyrics-rem.html,0
Bittersweet Me ,2006,/bittersweet-me-lyrics-rem.html,2
Blue ,2011,/blue-lyrics-rem.html,0
Body Count ,2006,/body-count-lyrics-rem.html,0
Burning Down ,2006,/burning-down-lyrics-rem.html,0
Burning Hell ,2006,/burning-hell-lyrics-rem.html,0
Camera ,2006,/camera-lyrics-rem.html,1
Can't Get There From Here ,2006,/cant-get-there-from-here-lyrics-rem.html,0
Carnival of Sorts ,2006,/carnival-of-sorts-lyrics-rem.html,0
Carnival Of Sorts (box Cars) ,2006,/carnival-of-sorts-box-cars-lyrics-rem.html,0
Catapult ,2006,/catapult-lyrics-rem.html,1
Chance ,2006,/chance-lyrics-rem.html,0
Chorus and he Ring ,2016,/chorus-and-he-ring-lyrics-rem.html,0
Chorus And The Ring ,2006,/chorus-and-the-ring-lyrics-rem.html,0
Christmas Griping ,2018,/christmas-griping-lyrics-rem.html,0
Circus Envy ,2006,/circus-envy-lyrics-rem.html,0
Country Feedback ,2011,/country-feedback-lyrics-rem.html,3
Crazy ,2006,/crazy-lyrics-rem.html,2
Crush With Eyeliner ,2006,/crush-with-eyeliner-lyrics-rem.html,3
Cuyahoga ,2014,/cuyahoga-lyrics-rem.html,1
Dangerous Times ,2006,/dangerous-times-lyrics-rem.html,0
Dark Globe ,2006,/dark-globe-lyrics-rem.html,0
Daysleeper ,2003,/daysleeper-lyrics-rem.html,3
Deck The Halls ,2016,/deck-the-halls-lyrics-rem.html,0
Departure ,2006,/departure-lyrics-rem.html,0
Diminished ,2006,/diminished-lyrics-rem.html,0
Diminished/I'm Not Over You ,2016,/diminishedim-not-over-you-lyrics-rem.html,0
Disappear ,2014,/disappear-lyrics-rem.html,1
Discover ,2010,/discover-lyrics-rem.html,0
Discoverer ,2011,/discoverer-lyrics-rem.html,0
Disguised ,2016,/disguised-lyrics-rem.html,1
Disturbance At The Heron House ,2008,/disturbance-at-the-heron-house-lyrics-rem.html,1
Don't Go Back To Rockville ,2011,/dont-go-back-to-rockville-lyrics-rem.html,0
Draggin' The Line ,2006,/draggin-the-line-lyrics-rem.html,0
Dragging The Line ,2007,/dragging-the-line-lyrics-rem.html,0
Drive ,2006,/drive-lyrics-rem.html,4
Driver 8 ,2011,/driver-8-lyrics-rem.html,2
E-bow The Letter ,2003,/ebow-the-letter-lyrics-rem.html,3
Electrolite ,2003,/electrolite-lyrics-rem.html,2
Electron Blue ,2004,/electron-blue-lyrics-rem.html,0
"Eleventh, Untitled Song ",2006,/eleventh-untitled-song-lyrics-rem.html,0
End of the World As We Know It ,2007,/end-of-the-world-as-we-know-it-lyrics-rem.html,0
ENDGAME ,2014,/endgame-lyrics-rem.html,0
Everbody Hurts ,2006,/everbody-hurts-lyrics-rem.html,5
Every Day Is Yours to Win ,2011,/every-day-is-yours-to-win-lyrics-rem.html,0
Everybody Hurts ,2003,/everybody-hurts-lyrics-rem.html,6
Exhuming Mccarthy ,2008,/exhuming-mccarthy-lyrics-rem.html,0
Fall On Me ,2011,/fall-on-me-lyrics-rem.html,6
Falls To Climb ,2006,/falls-to-climb-lyrics-rem.html,0
Feeling Gravity's Pull ,2006,/feeling-gravitys-pull-lyrics-rem.html,0
Femme Fatale ,2006,/femme-fatale-lyrics-rem.html,0
Final Straw ,2008,/final-straw-lyrics-rem.html,0
Find The River ,2014,/find-the-river-lyrics-rem.html,4
Finest Worksong ,2008,/finest-worksong-lyrics-rem.html,1
Fireplace ,2008,/fireplace-lyrics-rem.html,0
First We Take Manhattan ,2006,/first-we-take-manhattan-lyrics-rem.html,0
Fretless ,2014,/fretless-lyrics-rem.html,2
Funtime ,2006,/funtime-lyrics-rem.html,0
Furry Happy Monsters ,2007,/furry-happy-monsters-lyrics-rem.html,0
Future 40's (string Of Pearls) ,2006,/future-40s-string-of-pearls-lyrics-rem.html,4
Gardening At Night ,2011,/gardening-at-night-lyrics-rem.html,2
Get Up ,2011,/get-up-lyrics-rem.html,0
Ghost Rider ,2006,/ghost-rider-lyrics-rem.html,0
Good Advices ,2006,/good-advices-lyrics-rem.html,0
Green Grow The Rushes ,2006,/green-grow-the-rushes-lyrics-rem.html,1
Hairshirt ,2006,/hairshirt-lyrics-rem.html,0
Half A World Away ,2014,/half-a-world-away-lyrics-rem.html,0
Hallellujah ,2011,/hallellujah-lyrics-rem.html,0
Hallelujah ,2011,/hallelujah-lyrics-rem.html,0
Harborcoat ,2006,/harborcoat-lyrics-rem.html,0
"Hey, Hey, Nadine ",2006,/hey-hey-nadine-lyrics-rem.html,0
High Speed Train ,2004,/high-speed-train-lyrics-rem.html,0
Hollow Man ,2008,/hollow-man-lyrics-rem.html,2
Hope ,2006,/hope-lyrics-rem.html,0
Horse To Water ,2008,/horse-to-water-lyrics-rem.html,2
Houston ,2008,/houston-lyrics-rem.html,1
How The West Was Won And Where It Got Us ,2006,/how-the-west-was-won-and-where-it-got-us-lyrics-rem.html,0
Hyena ,2006,/hyena-lyrics-rem.html,1
I Believe ,2006,/i-believe-lyrics-rem.html,2
"I Don't Sleep, I Dream ",2006,/i-dont-sleep-i-dream-lyrics-rem.html,0
I Remember California ,2006,/i-remember-california-lyrics-rem.html,0
I Took Your Name ,2006,/i-took-your-name-lyrics-rem.html,0
I Walked With A Zombie ,2006,/i-walked-with-a-zombie-lyrics-rem.html,0
I Wanted to Be Wrong ,2004,/i-wanted-to-be-wrong-lyrics-rem.html,0
I'll Take The Rain ,2014,/ill-take-the-rain-lyrics-rem.html,0
I'm Gonna DJ ,2008,/im-gonna-dj-lyrics-rem.html,0
I'm Not Over You ,2006,/im-not-over-you-lyrics-rem.html,0
I've Been High ,2014,/ive-been-high-lyrics-rem.html,0
Ignoreland ,2006,/ignoreland-lyrics-rem.html,3
Imitation Of Life ,2003,/imitation-of-life-lyrics-rem.html,3
It Happened Today ,2011,/it-happened-today-lyrics-rem.html,0
It Happens Today ,2011,/it-happens-today-lyrics-rem.html,0
It's A Free World Baby ,2006,/its-a-free-world-baby-lyrics-rem.html,0
It's The End Of The World ,2008,/its-the-end-of-the-world-lyrics-rem.html,10
It's The End of The World as We Know It ,2008,/its-the-end-of-the-world-as-we-know-it-lyrics-rem.html,3
It's The End Of The World As We Know It (and I Feel Fine) ,2014,/its-the-end-of-the-world-as-we-know-it-and-i-feel-fine-lyrics-rem.html,5
Just a Touch ,2006,/just-a-touch-lyrics-rem.html,0
King of Birds ,2008,/king-of-birds-lyrics-rem.html,1
King Of Comedy ,2006,/king-of-comedy-lyrics-rem.html,0
King Of The Road ,2006,/king-of-the-road-lyrics-rem.html,0
Kohoutek ,2006,/kohoutek-lyrics-rem.html,1
Laughing ,2006,/laughing-lyrics-rem.html,0
Leave ,2006,/leave-lyrics-rem.html,0
Leaving New York ,2004,/leaving-new-york-lyrics-rem.html,3
Let Me In ,2006,/let-me-in-lyrics-rem.html,2
Letter Never Sent ,2006,/letter-never-sent-lyrics-rem.html,0
Life And How To Live It ,2011,/life-and-how-to-live-it-lyrics-rem.html,0
Lightnin' Hopkins ,2008,/lightnin-hopkins-lyrics-rem.html,0
Lisa Sez ,2006,/lisa-sez-lyrics-rem.html,0
Little America ,2006,/little-america-lyrics-rem.html,0
Living Well Is The Best Revenge ,2008,/living-well-is-the-best-revenge-lyrics-rem.html,2
Loosing My Religion ,2006,/loosing-my-religion-lyrics-rem.html,0
Losing My Religion ,2003,/losing-my-religion-lyrics-rem.html,9
Lotus ,2006,/lotus-lyrics-rem.html,1
Love Is All Around ,2014,/love-is-all-around-lyrics-rem.html,2
Low ,2014,/low-lyrics-rem.html,0
Low Desert ,2006,/low-desert-lyrics-rem.html,0
Lynne & Andy ,2008,/lynne-andy-lyrics-rem.html,0
Make It All Ok ,2007,/make-it-all-ok-lyrics-rem.html,0
Make It All Okay ,2004,/make-it-all-okay-lyrics-rem.html,0
Man On The Moon ,2003,/man-on-the-moon-lyrics-rem.html,7
Man On The Moon (orchestral) ,2008,/man-on-the-moon-orchestral-lyrics-rem.html,0
Man-Sized Wreath ,2008,/mansized-wreath-lyrics-rem.html,0
Maps And Legends ,2006,/maps-and-legends-lyrics-rem.html,0
Me In Honey ,2006,/me-in-honey-lyrics-rem.html,2
"Me, Marlon Brando, Marlon Brando and I ",2011,/me-marlon-brando-marlon-brando-and-i-lyrics-rem.html,0
Milk & Cookies ,2008,/milk-cookies-lyrics-rem.html,0
Mine Smell Like Honey ,2011,/mine-smell-like-honey-lyrics-rem.html,0
Miracle ,2008,/miracle-lyrics-rem.html,0
Monty Got A Raw Deal ,2006,/monty-got-a-raw-deal-lyrics-rem.html,0
Moon River ,2006,/moon-river-lyrics-rem.html,0
Moral Kiosk ,2006,/moral-kiosk-lyrics-rem.html,0
Mr. Richards ,2008,/mrrichards-lyrics-rem.html,1
Mr. Richards ,2008,/mr-richards-lyrics-rem.html,0
Mystery To Me ,2006,/mystery-to-me-lyrics-rem.html,0
Narrator ,2006,/narrator-lyrics-rem.html,0
Near Wild Heaven ,2006,/near-wild-heaven-lyrics-rem.html,0
NEW ORLEANS INSTRUMENTAL NO. 1 ,2007,/new-orleans-instrumental-no-1-lyrics-rem.html,0
New Test Leper ,2011,/new-test-leper-lyrics-rem.html,0
Nightswimming ,2003,/nightswimming-lyrics-rem.html,6
Oddfellows Local 151 ,2008,/oddfellows-local-151-lyrics-rem.html,0
Oh My Heart ,2011,/oh-my-heart-lyrics-rem.html,0
Old Man Kensey ,2006,/old-man-kensey-lyrics-rem.html,0
On the Fly ,2016,/on-the-fly-lyrics-rem.html,0
Orange Crush ,2003,/orange-crush-lyrics-rem.html,5
Out Of Time ,2006,/out-of-time-lyrics-rem.html,0
Pale Blue Eyes ,2006,/pale-blue-eyes-lyrics-rem.html,0
Parakeet ,2006,/parakeet-lyrics-rem.html,0
Passenger ,2006,/passenger-lyrics-rem.html,0
Perfect Circle ,2014,/perfect-circle-lyrics-rem.html,0
Permanent Vacation ,2006,/permanent-vacation-lyrics-rem.html,0
Photograph ,2006,/photograph-lyrics-rem.html,0
Pilgrimage ,2006,/pilgrimage-lyrics-rem.html,0
Pop Song 89 ,2011,/pop-song-89-lyrics-rem.html,2
Pretty Persuasion ,2006,/pretty-persuasion-lyrics-rem.html,1
Psa (a.k.a. Bad Day) ,2006,/psa-aka-bad-day-lyrics-rem.html,0
Radio Free Europe ,2011,/radio-free-europe-lyrics-rem.html,5
Radio Song ,2014,/radio-song-lyrics-rem.html,1
Revolution ,2006,/revolution-lyrics-rem.html,0
Rockville ,2006,/rockville-lyrics-rem.html,0
Romance ,2006,/romance-lyrics-rem.html,0
Rotary 11 ,2014,/rotary-11-lyrics-rem.html,0
Rotary Ten ,2008,/rotary-ten-lyrics-rem.html,0
Sad Professor ,2014,/sad-professor-lyrics-rem.html,0
Saturn Return ,2006,/saturn-return-lyrics-rem.html,0
Second Guessing ,2006,/second-guessing-lyrics-rem.html,0
See No Evil ,2006,/see-no-evil-lyrics-rem.html,0
Selingkar Kasih ,2010,/selingkar-kasih-lyrics-rem.html,7
Seven Chinese Brothers ,2006,/seven-chinese-brothers-lyrics-rem.html,0
Shaking Through ,2006,/shaking-through-lyrics-rem.html,3
She Just Wants To Be ,2006,/she-just-wants-to-be-lyrics-rem.html,0
Sheherazade ,2006,/sheherazade-lyrics-rem.html,0
Shiny Happy People ,2011,/shiny-happy-people-lyrics-rem.html,4
Sing For The Submarine ,2008,/sing-for-the-submarine-lyrics-rem.html,0
Sitting Still ,2011,/sitting-still-lyrics-rem.html,0
"So Fast, So Numb ",2006,/so-fast-so-numb-lyrics-rem.html,0
So. Central Rain ,2011,/so-central-rain-lyrics-rem.html,1
So. Central Rain (I'm Sorry) ,2016,/so-central-rain-im-sorry-lyrics-rem.html,0
Southern Central Rain ,2007,/southern-central-rain-im-sorry-lyrics-rem.html,0
Sponge ,2006,/sponge-lyrics-rem.html,0
Stand ,2003,/stand-lyrics-rem.html,3
Star 69 ,2006,/star-69-lyrics-rem.html,0
Star Me Kitten ,2006,/star-me-kitten-lyrics-rem.html,0
Staring Down the Barrel of the Middle Distance ,2016,/staring-down-the-barrel-of-the-middle-distance-lyrics-rem.html,0
Strange ,2008,/strange-lyrics-rem.html,0
Strange (wire) ,2008,/strange-wire-lyrics-rem.html,2
Strange Currencies ,2006,/strange-currencies-lyrics-rem.html,3
Stumble ,2006,/stumble-lyrics-rem.html,0
Summer Turns To High ,2006,/summer-turns-to-high-lyrics-rem.html,0
Superman ,2006,/superman-lyrics-rem.html,2
Supernatural Superserious ,2008,/supernatural-superserious-lyrics-rem.html,0
Suspicion ,2006,/suspicion-lyrics-rem.html,0
Swan Swan H ,2006,/swan-swan-h-lyrics-rem.html,0
Swan Swan Hummingbird ,2014,/swan-swan-hummingbird-lyrics-rem.html,0
Sweetness Follows ,2006,/sweetness-follows-lyrics-rem.html,2
Tainted Obligation ,2006,/tainted-obligation-lyrics-rem.html,0
Talk About The Passion ,2011,/talk-about-the-passion-lyrics-rem.html,2
Texarcana ,2016,/texarcana-lyrics-rem.html,0
Texarkana ,2006,/texarkana-lyrics-rem.html,0
Texarnaka ,2006,/texarnaka-lyrics-rem.html,0
That Beat ,2006,/that-beat-lyrics-rem.html,0
That Someone Is You ,2011,/that-someone-is-you-lyrics-rem.html,1
The After Hours ,2006,/the-after-hours-lyrics-rem.html,0
The Apologist ,2006,/the-apologist-lyrics-rem.html,0
The Ascent of Man ,2004,/the-ascent-of-man-lyrics-rem.html,0
The Boy In The Well ,2004,/the-boy-in-the-well-lyrics-rem.html,0
The Final Straw ,2004,/the-final-straw-lyrics-rem.html,0
The Flowers of Guatemala ,2006,/the-flowers-of-guatemala-lyrics-rem.html,0
The Great Beyond ,2003,/the-great-beyond-lyrics-rem.html,0
The Lifting ,2006,/the-lifting-lyrics-rem.html,1
The Lion Sleeps Tonight ,2006,/the-lion-sleeps-tonight-lyrics-rem.html,0
The One I Love ,2008,/the-one-i-love-lyrics-rem.html,9
The Outsiders ,2004,/the-outsiders-lyrics-rem.html,0
The Sidewinder Sleeps Tonight ,2006,/the-sidewinder-sleeps-tonight-lyrics-rem.html,7
The Sidewinder Sleeps Tonite ,2003,/the-sidewinder-sleeps-tonite-lyrics-rem.html,3
The Wake-up Bomb ,2006,/the-wakeup-bomb-lyrics-rem.html,0
The Wrong Child ,2006,/the-wrong-child-lyrics-rem.html,0
Theme From Two Steps Onward ,2006,/theme-from-two-steps-onward-lyrics-rem.html,0
There She Goes Again ,2006,/there-she-goes-again-lyrics-rem.html,0
These Days ,2006,/these-days-lyrics-rem.html,3
Time After Time (annelise) ,2006,/time-after-time-annelise-lyrics-rem.html,0
Tired Of Singing Trouble ,2006,/tired-of-singing-trouble-lyrics-rem.html,0
Tongue ,2006,/tongue-lyrics-rem.html,0
Tony Thrown Out ,2008,/tony-thrown-out-lyrics-rem.html,0
Toys In The Attic ,2006,/toys-in-the-attic-lyrics-rem.html,0
Try Not To Breathe ,2006,/try-not-to-breathe-lyrics-rem.html,2
Turn You Inside-out ,2006,/turn-you-insideout-lyrics-rem.html,2
Uberlin ,2011,/uberlin-lyrics-rem.html,4
Underneath The Bunker ,2006,/underneath-the-bunker-lyrics-rem.html,0
Undertow ,2006,/undertow-lyrics-rem.html,0
Until The Day Is Done ,2008,/until-the-day-is-done-lyrics-rem.html,1
Untitled ,2006,/untitled-lyrics-rem.html,0
Voice of Harold ,2006,/voice-of-harold-lyrics-rem.html,0
Wait ,2006,/wait-lyrics-rem.html,0
Walk It Back ,2011,/walk-it-back-lyrics-rem.html,0
Walk Unafraid ,2006,/walk-unafraid-lyrics-rem.html,1
Wall Of Death ,2006,/wall-of-death-lyrics-rem.html,0
Walter's Theme ,2006,/walters-theme-lyrics-rem.html,0
Wander Lust ,2004,/wander-lust-lyrics-rem.html,0
We All Go Back To Where We Belong ,2011,/we-all-go-back-to-where-we-belong-lyrics-rem.html,0
We Walk ,2006,/we-walk-lyrics-rem.html,0
Welcome To The Occupation ,2008,/welcome-to-the-occupation-lyrics-rem.html,0
Wendell Gee ,2006,/wendell-gee-lyrics-rem.html,0
West Of The Fields ,2006,/west-of-the-fields-lyrics-rem.html,0
What If We Give It Away? ,2006,/what-if-we-give-it-away-lyrics-rem.html,0
What's The Frequency ,2006,/whats-the-frequency-lyrics-rem.html,0
"What's The Frequency, Kenneth? ",2003,/whats-the-frequency-kenneth-lyrics-rem.html,5
White Tornado ,2007,/white-tornado-lyrics-rem.html,0
Why Not Smile ,2006,/why-not-smile-lyrics-rem.html,0
Wichita Lineman ,2006,/wichita-lineman-lyrics-rem.html,0
Windout ,2006,/windout-lyrics-rem.html,0
"Wolves, Lower ",2006,/wolves-lower-lyrics-rem.html,0
World Leader Pretend ,2014,/world-leader-pretend-lyrics-rem.html,0
Worst Joke Ever ,2004,/worst-joke-ever-lyrics-rem.html,0
You ,2006,/you-lyrics-rem.html,0
You Are The Everything ,2006,/you-are-the-everything-lyrics-rem.html,0
You're In The Air ,2006,/youre-in-the-air-lyrics-rem.html,0
ZITHER ,2007,/zither-lyrics-rem.html,0
